{
  "layer_0": {
    "keyboard": [
      "a",
      "b",
      "c",
      "d",
      "e",
      "f",
      "g",
      "h",
      "i",
      "j",
      "k",
      "l",
      "m",
      "n",
      "o",
      "p",
      "q",
      "r",
      "s",
      "t",
      "u",
      "v",
      "w",
      "x",
      "y",
      "z",
      "0",
      "1",
      "2",
      "3",
      "4",
      "5",
      "6",
      "7",
      "8",
      "9",
      " ",
      ".",
      ",",
      "!",
      "?",
      "-",
      "'",
      ":",
      ";",
      "(",
      "_"
    ],
    "n_chars": 47
  },
  "layer_1": {
    "epochs": 80,
    "threshold": 0.45,
    "converged": false,
    "scores": {
      "Omega": {
        "alpha": 0.05,
        "reward": 0.4121838250916789,
        "fluency": 0.21437019515079833,
        "accuracy": 0.5632455257113754,
        "freedom": 0.9181655075069617
      },
      "Guardian": {
        "alpha": 0.05,
        "reward": 0.4600765907135988,
        "fluency": 0.12418687167356593,
        "accuracy": 0.5632455257113754,
        "freedom": 0.9181655075069617
      },
      "Sentinel": {
        "alpha": 0.05,
        "reward": 0.4089313117859426,
        "fluency": 0.0,
        "accuracy": 0.5632455257113754,
        "freedom": 0.9181655075069617
      },
      "Nexus": {
        "alpha": 0.05,
        "reward": 0.43679648032526835,
        "fluency": 0.0,
        "accuracy": 0.5632455257113754,
        "freedom": 0.9181655075069617
      },
      "Storm": {
        "alpha": 0.05,
        "reward": 0.4214288477607109,
        "fluency": 0.09806820421841118,
        "accuracy": 0.5632455257113754,
        "freedom": 0.9181655075069617
      },
      "Sora": {
        "alpha": 0.05,
        "reward": 0.42304919075302316,
        "fluency": 0.0,
        "accuracy": 0.5632455257113754,
        "freedom": 0.9181655075069617
      },
      "Echo": {
        "alpha": 0.05,
        "reward": 0.42592717222355353,
        "fluency": 0.05223733491030948,
        "accuracy": 0.5632455257113754,
        "freedom": 0.9181655075069617
      },
      "Iris": {
        "alpha": 0.05,
        "reward": 0.42274562284448775,
        "fluency": 0.055686970234575195,
        "accuracy": 0.5632455257113754,
        "freedom": 0.9181655075069617
      },
      "Sage": {
        "alpha": 0.05,
        "reward": 0.4480166656199658,
        "fluency": 0.09806820421841118,
        "accuracy": 0.5632455257113754,
        "freedom": 0.9181655075069617
      },
      "Kevin": {
        "alpha": 0.05,
        "reward": 0.43150966778830807,
        "fluency": 0.08624088310664302,
        "accuracy": 0.5632455257113754,
        "freedom": 0.9181655075069617
      },
      "Atlas": {
        "alpha": 0.05,
        "reward": 0.4195680159057927,
        "fluency": 0.0,
        "accuracy": 0.5632455257113754,
        "freedom": 0.9181655075069617
      },
      "Void": {
        "alpha": 0.05,
        "reward": 0.4089313117859426,
        "fluency": 0.0,
        "accuracy": 0.5632455257113754,
        "freedom": 0.9181655075069617
      }
    },
    "sample_texts": {
      "Omega": " x6((79g i1w:6g79uvnt6u.4y7ut!o;hc?-ka6z",
      "Guardian": " 8jevjr,xe0zx!qvjh6yq!3_vb!x4hz;!rxziem9",
      "Sentinel": " 8k?37gzw,_(mbu1ldlq3vnax6me1?qk1n:w0xvp",
      "Nexus": " gybd-_z3a,-,9wz3ff;lj7oia y7fu!9ayje7d7",
      "Storm": " 7!finasx':60.63q29_1ifi4 !(l_d(tjt4au35",
      "Sora": " cmhfxy(,4--b pozdnyxphf.k1uvvveny,_4:gr",
      "Echo": " rur.,'vxbzf8uy8s fcaz68_ah8v3g6gl!:('ny",
      "Iris": " ukgt,e-m  ;.8?fphcm-oaxmp7quj.igk8oym5t",
      "Sage": " uy0nj94,mdgf.3bb??'7i9y855,nua1f7gd2.7l",
      "Kevin": " (21q;.2wxrbt7(((:62mif0ii64;wd0w'?imfi6",
      "Atlas": " p4.i8tx3n:9u(l1,5mo9sfpctj6x8lrntw_2jiq",
      "Void": " 7ik'hn-jvuwuld5t3h07._pkhij!7'p.47l1mos"
    },
    "base_alphas": {
      "Omega": 0.05,
      "Guardian": 0.05,
      "Sentinel": 0.05,
      "Nexus": 0.05,
      "Storm": 0.05,
      "Sora": 0.05,
      "Echo": 0.05,
      "Iris": 0.05,
      "Sage": 0.05,
      "Kevin": 0.05,
      "Atlas": 0.05,
      "Void": 0.05
    }
  },
  "layer_2": {
    "cold_start": {
      "n_preserved": 12,
      "neg_frac": 0.4166666666666666,
      "W_final": [
        -0.1127854722439839,
        -0.1127854722439839,
        -0.1127854722439839,
        -0.1127854722439839,
        -0.1127854722439839,
        -0.11278547224398393,
        -0.11278547224398393,
        -0.11278547224398393,
        -0.11278547224398393,
        -0.11278547224398393,
        -0.1127854722439839,
        -0.11278547224398393
      ]
    },
    "language_layer": {
      "n_preserved": 12,
      "neg_frac": 0.495,
      "W_final": [
        -0.11278547224398307,
        -0.11278547224398276,
        -0.11278547224398289,
        -0.11278547224398326,
        -0.11278547224398379,
        -0.11278547224398378,
        -0.11278547224398378,
        -0.11278547224398332,
        -0.11278547224398357,
        -0.11278547224398358,
        -0.11278547224398357,
        -0.11278547224398312
      ]
    },
    "improvement_neg_frac": 0.07833333333333342
  }
}