{
  "timestamp": "2026-03-23T09:14:39.733165",
  "alpha_star": 0.321,
  "pauli_coeffs": {
    "II": 4.163336342344337e-16,
    "IX": 1.1102230246251565e-16,
    "IY": 0.0,
    "IZ": 6.607214775300463e-13,
    "XI": 0.11307024794992354,
    "XX": -0.11307024794983782,
    "XY": 0.0,
    "XZ": 1.0074788225900022e-12,
    "YI": 0.0,
    "YX": 0.0,
    "YY": -2.7468999297397545e-12,
    "YZ": 0.0,
    "ZI": -0.13235605804317216,
    "ZX": 0.13235605804326006,
    "ZY": 0.0,
    "ZZ": 2.7627622412040864e-12
  },
  "dominant_terms": {
    "XI": 0.11307024794992354,
    "XX": -0.11307024794983782,
    "ZI": -0.13235605804317216,
    "ZX": 0.13235605804326006
  },
  "H_classification": "ZX ISING  \u2014 transverse+longitudinal field",
  "energy_levels": [
    -0.34815517846033334,
    -1.2227930565710672e-13,
    1.2329932306065e-13,
    0.3481551784603339
  ],
  "energy_gap": 0.6963103569206672,
  "ground_state_ZX": -0.7603279585186232
}