{
  "timestamp": "2026-03-23T08:52:16.320907",
  "hardware_params": {
    "T1_us": 200.0,
    "T2_us": 50.0,
    "gate_time_us": 0.05,
    "gamma1": 0.005,
    "gamma_phi": 0.0175
  },
  "results": [
    {
      "N": 1,
      "C_final": 0.9084468922844928,
      "S_AB_final": 0.5556179469375985,
      "dS_neg": 0,
      "neg_frac": 0.0,
      "MI_final": 0.00042501192577681923
    },
    {
      "N": 2,
      "C_final": 0.8254753982950287,
      "S_AB_final": 1.1105343599131912,
      "dS_neg": 0,
      "neg_frac": 0.0,
      "MI_final": 0.0008271181821943863
    },
    {
      "N": 3,
      "C_final": 0.7502313954805648,
      "S_AB_final": 1.6649159867893597,
      "dS_neg": 0,
      "neg_frac": 0.0,
      "MI_final": 0.0012098955474439954
    },
    {
      "N": 4,
      "C_final": 0.68195353607988,
      "S_AB_final": 2.21893341355153,
      "dS_neg": 0,
      "neg_frac": 0.0,
      "MI_final": 0.0015763528137928695
    }
  ],
  "fits": {
    "negentropy": {
      "A": 0.0,
      "gamma": 0.0
    },
    "mutual_info": {
      "A": 0.00042654123795297943,
      "gamma": 0.9466129888933817
    }
  }
}