{
  "timestamp": "2026-03-23T09:02:36.192835",
  "bloch_A": [
    0.17689003361783465,
    7.37336220065057e-17,
    0.9842306213518666
  ],
  "bloch_B": [
    0.984230621351866,
    0.1768900336178373,
    -1.1102230246251565e-16
  ],
  "bloch_A_norm": 1.0,
  "bloch_B_norm": 0.9999999999999999,
  "nearest_stab_A": "+Z",
  "overlap_A": 0.9842306213518666,
  "nearest_stab_B": "+X",
  "overlap_B": 0.9842306213518661,
  "stabilizers_found": [],
  "near_stabilizers": [
    [
      "Z\u2297X",
      0.9687099160066807
    ]
  ],
  "dominant_paulis": [
    [
      "I\u2297I",
      0.9999999999999998
    ],
    [
      "I\u2297X",
      0.984230621351866
    ],
    [
      "I\u2297Y",
      0.1768900336178373
    ],
    [
      "X\u2297I",
      0.17689003361783462
    ],
    [
      "X\u2297X",
      0.17410058769863385
    ],
    [
      "Z\u2297I",
      0.9842306213518663
    ],
    [
      "Z\u2297X",
      0.9687099160066807
    ],
    [
      "Z\u2297Y",
      0.1741005876986366
    ]
  ]
}