{
  "attractor_W_min_A": 6.514340270978507e-05,
  "attractor_W_min_B": -0.11321655162904806,
  "step1_W_min_A": -0.06093277120562656,
  "step1_W_min_B": -0.11338331923554602
}