{
  "timestamp": "2026-03-23T10:18:12.155793",
  "checkpoints": [
    0,
    1,
    2,
    3,
    5,
    10,
    20,
    40,
    70,
    100
  ],
  "Wmin_A": [
    -0.11313547422121131,
    -0.057798161562629236,
    -0.029867994420530657,
    -0.01583915626873584,
    -0.004656502838055792,
    -0.0002462174927203453,
    4.8149762773610404e-05,
    5.229132887713312e-05,
    5.989485685267402e-05,
    6.518440099460063e-05
  ],
  "Wmin_B": [
    -0.11313547422121131,
    -0.1130935944275582,
    -0.11335148696750041,
    -0.11327042890957154,
    -0.11314032295338697,
    -0.11309373865520889,
    -0.11318130959977275,
    -0.11329017591690042,
    -0.11316621917445183,
    -0.11334749570321086
  ],
  "C_A": [
    0.9999999999999996,
    1.0,
    0.9999999999999998,
    1.0,
    1.0,
    1.0,
    1.0000000000000004,
    1.0,
    1.0000000000000002,
    1.0000000000000007
  ],
  "C_B": [
    0.9999999999999996,
    1.0000000000000004,
    1.0,
    1.0,
    1.0,
    1.0000000000000004,
    0.9999999999999998,
    1.0,
    1.0,
    0.9999999999999999
  ],
  "key_finding": "Node A Wigner negativity consumed by step ~20. Node B Wigner negativity persistent throughout. Role asymmetry confirmed in phase space."
}