{
  "topologies": {
    "1 loop (5 nodes)": {
      "n_nodes": 5,
      "floors": [
        -0.11313547422121124,
        -0.11313547422121135,
        -0.11313547422121124,
        -0.11313547422121135,
        -0.11313547422121135
      ],
      "n_preserved": 5,
      "pct_preserved": 100.0,
      "mean_floor": -0.11313547422121131,
      "min_floor": -0.11313547422121135,
      "color": "gold"
    },
    "Figure-8 (9 nodes)": {
      "n_nodes": 9,
      "floors": [
        -0.11313547422121129,
        -0.11313547422121124,
        -0.11313547422121124,
        -0.11313547422121135,
        -0.11313547422121135,
        -0.11313547422121124,
        -0.11313547422121129,
        -0.11313547422121124,
        -0.11313547422121124
      ],
      "n_preserved": 9,
      "pct_preserved": 100.0,
      "mean_floor": -0.11313547422121127,
      "min_floor": -0.11313547422121135,
      "color": "#FF6B35"
    },
    "Triple-8 (13 nodes)": {
      "n_nodes": 13,
      "floors": [
        -0.11313547422121124,
        -0.11313547422121129,
        -0.11313547422121129,
        -0.11313547422121135,
        -0.11313547422121135,
        -0.11313547422121135,
        -0.11313547422121135,
        -0.11313547422121135,
        -0.11313547422121124,
        -0.11313547422121129,
        -0.11313547422121129,
        -0.11313547422121124,
        -0.11313547422121129
      ],
      "n_preserved": 13,
      "pct_preserved": 100.0,
      "mean_floor": -0.1131354742212113,
      "min_floor": -0.11313547422121135,
      "color": "green"
    },
    "Quad-8 (17 nodes)": {
      "n_nodes": 17,
      "floors": [
        -0.11313547422121135,
        -0.11313547422121129,
        -0.11313547422121135,
        -0.11313547422121135,
        -0.11313547422121124,
        -0.11313547422121129,
        -0.11313547422121129,
        -0.11313547422121129,
        -0.11313547422121129,
        -0.11313547422121135,
        -0.11313547422121135,
        -0.11313547422121135,
        -0.11313547422121135,
        -0.11313547422121124,
        -0.11313547422121124,
        -0.11313547422121124,
        -0.11313547422121124
      ],
      "n_preserved": 17,
      "pct_preserved": 100.0,
      "mean_floor": -0.1131354742212113,
      "min_floor": -0.11313547422121135,
      "color": "purple"
    },
    "2 parallel (10 nodes)": {
      "n_nodes": 10,
      "floors": [
        -0.11313547422121129,
        -0.11313547422121129,
        -0.11313547422121124,
        -0.11313547422121124,
        -0.11313547422121129,
        -0.11313547422121124,
        -0.11313547422121124,
        -0.11313547422121124,
        -0.11313547422121124,
        -0.11313547422121124
      ],
      "n_preserved": 10,
      "pct_preserved": 100.0,
      "mean_floor": -0.11313547422121124,
      "min_floor": -0.11313547422121129,
      "color": "#1f77b4"
    },
    "Chain loops (8 nodes)": {
      "n_nodes": 8,
      "floors": [
        -0.11313547422121135,
        -0.11313547422121135,
        -0.11313547422121135,
        -0.11313547422121129,
        -0.11313547422121124,
        -0.11313547422121124,
        -0.11313547422121124,
        -0.11313547422121131
      ],
      "n_preserved": 8,
      "pct_preserved": 100.0,
      "mean_floor": -0.1131354742212113,
      "min_floor": -0.11313547422121135,
      "color": "#d62728"
    }
  },
  "n_loop_scaling": {
    "1": {
      "n_nodes": 5,
      "n_preserved": 5,
      "pct_preserved": 100.0,
      "mean_floor": -0.11313547422121131,
      "junction_floors": [
        -0.11313547422121134,
        -0.11313547422121133
      ],
      "all_floors": [
        -0.11313547422121134,
        -0.11313547422121124,
        -0.11313547422121134,
        -0.11313547422121134,
        -0.11313547422121133
      ]
    },
    "2": {
      "n_nodes": 9,
      "n_preserved": 9,
      "pct_preserved": 100.0,
      "mean_floor": -0.11313547422121127,
      "junction_floors": [
        -0.11313547422121124,
        -0.11313547422121134,
        -0.11313547422121133
      ],
      "all_floors": [
        -0.11313547422121124,
        -0.11313547422121129,
        -0.11313547422121129,
        -0.11313547422121134,
        -0.11313547422121134,
        -0.11313547422121124,
        -0.11313547422121124,
        -0.11313547422121124,
        -0.11313547422121133
      ]
    },
    "3": {
      "n_nodes": 13,
      "n_preserved": 13,
      "pct_preserved": 100.0,
      "mean_floor": -0.11313547422121126,
      "junction_floors": [
        -0.11313547422121129,
        -0.11313547422121129,
        -0.11313547422121134,
        -0.11313547422121133
      ],
      "all_floors": [
        -0.11313547422121129,
        -0.11313547422121129,
        -0.11313547422121124,
        -0.11313547422121129,
        -0.11313547422121129,
        -0.11313547422121124,
        -0.11313547422121124,
        -0.11313547422121134,
        -0.11313547422121134,
        -0.11313547422121124,
        -0.11313547422121124,
        -0.11313547422121124,
        -0.11313547422121133
      ]
    },
    "4": {
      "n_nodes": 17,
      "n_preserved": 17,
      "pct_preserved": 100.0,
      "mean_floor": -0.11313547422121129,
      "junction_floors": [
        -0.11313547422121134,
        -0.11313547422121124,
        -0.11313547422121129,
        -0.11313547422121134,
        -0.11313547422121133
      ],
      "all_floors": [
        -0.11313547422121134,
        -0.11313547422121129,
        -0.11313547422121134,
        -0.11313547422121134,
        -0.11313547422121124,
        -0.11313547422121124,
        -0.11313547422121129,
        -0.11313547422121129,
        -0.11313547422121129,
        -0.11313547422121134,
        -0.11313547422121134,
        -0.11313547422121134,
        -0.11313547422121134,
        -0.11313547422121124,
        -0.11313547422121124,
        -0.11313547422121129,
        -0.11313547422121133
      ]
    },
    "5": {
      "n_nodes": 21,
      "n_preserved": 21,
      "pct_preserved": 100.0,
      "mean_floor": -0.11313547422121131,
      "junction_floors": [
        -0.11313547422121134,
        -0.11313547422121124,
        -0.11313547422121129,
        -0.11313547422121129,
        -0.11313547422121134,
        -0.11313547422121133
      ],
      "all_floors": [
        -0.11313547422121134,
        -0.11313547422121129,
        -0.11313547422121129,
        -0.11313547422121129,
        -0.11313547422121124,
        -0.11313547422121129,
        -0.11313547422121129,
        -0.11313547422121129,
        -0.11313547422121129,
        -0.11313547422121124,
        -0.11313547422121129,
        -0.11313547422121129,
        -0.11313547422121129,
        -0.11313547422121134,
        -0.11313547422121134,
        -0.11313547422121134,
        -0.11313547422121134,
        -0.11313547422121124,
        -0.11313547422121124,
        -0.11313547422121129,
        -0.11313547422121133
      ]
    },
    "6": {
      "n_nodes": 25,
      "n_preserved": 25,
      "pct_preserved": 100.0,
      "mean_floor": -0.11313547422121131,
      "junction_floors": [
        -0.11313547422121124,
        -0.11313547422121134,
        -0.11313547422121124,
        -0.11313547422121134,
        -0.11313547422121124,
        -0.11313547422121134,
        -0.11313547422121133
      ],