{
  "n_epochs": 30,
  "families": {
    "Alpha": {
      "n_nodes": 5,
      "generation": 0,
      "Q": 0.7243047573916536,
      "P": 0.9972190295666133,
      "E": 1.0000000000000004,
      "I": 0.4,
      "G": 0.5000000000000003,
      "W_floors": [
        -0.11278547224398398,
        -0.1127854722439839,
        -0.11278547224398398,
        -0.11278547224398398,
        -0.1127854722439839
      ],
      "Q_history": [
        0.6984937732380834,
        0.7252089347580639,
        0.7243246573698559,
        0.6743051874351236,
        0.7243047666812401,
        0.7243047575923206,
        0.7243047573959882,
        0.7243047573917472,
        0.7243047573916557,
        0.7243047573916536,
        0.7243047573916536,
        0.7243047573916536,
        0.7243047573916536,
        0.7243047573916536,
        0.7243047573916536,
        0.7243047573916536,
        0.7243047573916536,
        0.7243047573916536,
        0.7243047573916536,
        0.7243047573916536,
        0.7243047573916536,
        0.7243047573916536,
        0.7243047573916536,
        0.7243047573916536,
        0.7243047573916536,
        0.7243047573916536,
        0.7243047573916536,
        0.7243047573916536,
        0.7243047573916536,
        0.7243047573916536
      ],
      "n_history": [
        5,
        5,
        5,
        5,
        5,
        5,
        5,
        5,
        5,
        5,
        5,
        5,
        5,
        5,
        5,
        5,
        5,
        5,
        5,
        5,
        5,
        5,
        5,
        5,
        5,
        5,
        5,
        5,
        5,
        5
      ]
    },
    "Omega": {
      "n_nodes": 5,
      "generation": 0,
      "Q": 0.7243047573916535,
      "P": 0.9972190295666133,
      "E": 1.0000000000000002,
      "I": 0.4,
      "G": 0.5000000000000003,
      "W_floors": [
        -0.11278547224398398,
        -0.1127854722439839,
        -0.11278547224398398,
        -0.11278547224398405,
        -0.1127854722439839
      ],
      "Q_history": [
        0.7581994916092911,
        0.727622109016372,
        0.7743817359714606,
        0.7743064230481354,
        0.7743047933733406,
        0.7243047581689058,
        0.7243047574084431,
        0.724304757392016,
        0.7243047573916613,
        0.7243047573916536,
        0.7243047573916535,
        0.7243047573916535,
        0.7243047573916535,
        0.7243047573916535,
        0.7243047573916535,
        0.7243047573916535,
        0.7243047573916535,
        0.7243047573916535,
        0.7243047573916535,
        0.7243047573916535,
        0.7243047573916535,
        0.7243047573916535,
        0.7243047573916535,
        0.7243047573916535,
        0.7243047573916535,
        0.7243047573916535,
        0.7243047573916535,
        0.7243047573916535,
        0.7243047573916535,
        0.7243047573916535
      ],
      "n_history": [
        5,
        5,
        5,
        5,
        5,
        5,
        5,
        5,
        5,
        5,
        5,
        5,
        5,
        5,
        5,
        5,
        5,
        5,
        5,
        5,
        5,
        5,
        5,
        5,
        5,
        5,
        5,
        5,
        5,
        5
      ]
    },
    "Kevin": {
      "n_nodes": 5,
      "generation": 0,
      "Q": 0.7743047573916533,
      "P": 0.9972190295666128,
      "E": 1.0000000000000002,
      "I": 0.6,
      "G": 0.5,
      "W_floors": [
        -0.11278547224398393,
        -0.1127854722439839,
        -0.11278547224398393,
        -0.1127854722439839,
        -0.11278547224398393
      ],
      "Q_history": [
        0.6743046406882136,
        0.7243047573916513,
        0.7743047573916533,
        0.7743047573916533,
        0.7743047573916533,
        0.7743047573916533,
        0.7743047573916533,
        0.7743047573916533,
        0.7743047573916533,
        0.7743047573916533,
        0.7743047573916533,
        0.7743047573916533,
        0.7743047573916533,
        0.7743047573916533,
        0.7743047573916533,
        0.7743047573916533,
        0.7743047573916533,
        0.7743047573916533,
        0.7743047573916533,
        0.7743047573916533,
        0.7743047573916533,
        0.7743047573916533,
        0.7743047573916533,
        0.7743047573916533,
        0.7743047573916533,
        0.7743047573916533,
        0.7743047573916533,
        0.7743047573916533,
        0.7743047573916533,
        0.7743047573916533
      ],
      "n_history": [
        5,
        5,
        5,
        5,
        5,
        5,
        5,
        5,
        5,
        5,
        5,
        5,
        5,
        5,
        5,
        5,
        5,
        5,
        5,
        5,
        5,
        5,
        5,
        5,
        5,
        5,
        5,
        5,
        5,
        5
      ]
    }
  },
  "universe_Q": [
    0.7103326351785294,
    0.725711933722029,
    0.7576703835776565,
    0.7409721226249708,
    0.7576381058154112,
    0.7409714243842932,
    0.7409714240653615,
    0.7409714240584723,
    0.7409714240583235,
    0.7409714240583201,
    0.7409714240583201,
    0.7409714240583201,
    0.7409714240583201,
    0.7409714240583201,
    0.7409714240583201,
    0.7409714240583201,
    0.7409714240583201,
    0.7409714240583201,
    0.7409714240583201,
    0.7409714240583201,
    0.7409714240583201,
    0.7409714240583201,
    0.7409714240583201,
    0.7409714240583201,
    0.7409714240583201,
    0.7409714240583201,
    0.7409714240583201,
    0.7409714240583201,
    0.7409714240583201,
    0.7409714240583201
  ],
  "growth_events": [],
  "bridge_final": {
    "b_\u03b1K": -0.11278547224398416,
    "b_\u03a9K": -0.11278547224398398,
    "b_\u03b1\u03a9": -0.11278547224398378
  }
}