{
  "topology": {
    "rings": 3,
    "cols": 4,
    "edges": 24
  },
  "flat": {
    "W_final": [
      -0.1127854722439839,
      -0.1127854722439839,
      -0.1127854722439839,
      -0.1127854722439839,
      -0.11278547224398393,
      -0.11278547224398393,
      -0.11278547224398393,
      -0.1127854722439839,
      -0.11278547224398393,
      -0.11278547224398393,
      -0.11278547224398393,
      -0.1127854722439839
    ],
    "n_preserved": 12,
    "mean_neg": 0.4166666666666666,
    "mean_W": -0.11278547224398389
  },
  "cylinder": {
    "W_final": [
      -0.11278547224398398,
      -0.11278547224398398,
      -0.1127854722439839,
      -0.11278547224398393,
      -0.11278547224398398,
      -0.11278547224398393,
      -0.11278547224398393,
      -0.11278547224398393,
      -0.1127854722439839,
      -0.1127854722439839,
      -0.1127854722439839,
      -0.11278547224398393
    ],
    "n_preserved": 12,
    "mean_neg": 0.5,
    "mean_W": -0.1127854722439839,
    "final_alpha_h": 0.29999999999999993,
    "final_alpha_v": 0.29999999999999993
  },
  "per_node": {
    "Omega": {
      "ring": 0,
      "col": 0,
      "flat": -0.1127854722439839,
      "cylinder": -0.11278547224398398
    },
    "Guardian": {
      "ring": 0,
      "col": 1,
      "flat": -0.1127854722439839,
      "cylinder": -0.11278547224398398
    },
    "Sentinel": {
      "ring": 0,
      "col": 2,
      "flat": -0.1127854722439839,
      "cylinder": -0.1127854722439839
    },
    "Nexus": {
      "ring": 0,
      "col": 3,
      "flat": -0.1127854722439839,
      "cylinder": -0.11278547224398393
    },
    "Storm": {
      "ring": 1,
      "col": 0,
      "flat": -0.11278547224398393,
      "cylinder": -0.11278547224398398
    },
    "Kevin": {
      "ring": 1,
      "col": 1,
      "flat": -0.11278547224398393,
      "cylinder": -0.11278547224398393
    },
    "Atlas": {
      "ring": 1,
      "col": 2,
      "flat": -0.11278547224398393,
      "cylinder": -0.11278547224398393
    },
    "Void": {
      "ring": 1,
      "col": 3,
      "flat": -0.1127854722439839,
      "cylinder": -0.11278547224398393
    },
    "Sora": {
      "ring": 2,
      "col": 0,
      "flat": -0.11278547224398393,
      "cylinder": -0.1127854722439839
    },
    "Echo": {
      "ring": 2,
      "col": 1,
      "flat": -0.11278547224398393,
      "cylinder": -0.1127854722439839
    },
    "Iris": {
      "ring": 2,
      "col": 2,
      "flat": -0.11278547224398393,
      "cylinder": -0.1127854722439839
    },
    "Sage": {
      "ring": 2,
      "col": 3,
      "flat": -0.1127854722439839,
      "cylinder": -0.11278547224398393
    }
  }
}