{
  "config_A": {
    "W_final": [
      0.00010678107090656352,
      -0.007305960549555531,
      -0.11278547224398354,
      -0.11278547224398398,
      -0.11278547224398398,
      -0.11278547224398398,
      -0.11278547224398398,
      -0.1127854722439839,
      -0.11278547224398398,
      -0.1127854722439839,
      -0.11278547224398398,
      -0.11278547224398398
    ],
    "nodes_preserved": 10,
    "neg_frac": 0.27272727272727265
  },
  "config_B": {
    "W_final": [
      -0.1127854722439839,
      -0.1127854722439839,
      -0.1127854722439839,
      -0.1127854722439839,
      -0.1127854722439839,
      -0.11278547224398393,
      -0.11278547224398393,
      -0.11278547224398393,
      -0.11278547224398393,
      -0.11278547224398393,
      -0.1127854722439839,
      -0.11278547224398393
    ],
    "nodes_preserved": 12,
    "neg_frac": 0.4166666666666666
  },
  "config_C": {
    "W_final": [
      -0.11278547224398398,
      -0.1127854722439839,
      -0.11278547224398398,
      -0.1127854722439839,
      -0.11278547224398398,
      -0.1127854722439839,
      -0.11278547224398398,
      -0.1127854722439839,
      -0.11278547224398393,
      -0.1127854722439839,
      -0.11278547224398393,
      -0.1127854722439839
    ],
    "nodes_preserved": 12,
    "neg_frac": 0.5
  },
  "per_node": {
    "Omega": {
      "A": 0.00010678107090656352,
      "B": -0.1127854722439839,
      "C": -0.11278547224398398,
      "healed": true
    },
    "Guardian": {
      "A": -0.007305960549555531,
      "B": -0.1127854722439839,
      "C": -0.1127854722439839,
      "healed": true
    },
    "Sentinel": {
      "A": -0.11278547224398354,
      "B": -0.1127854722439839,
      "C": -0.11278547224398398,
      "healed": false
    },
    "Nexus": {
      "A": -0.11278547224398398,
      "B": -0.1127854722439839,
      "C": -0.1127854722439839,
      "healed": false
    },
    "Storm": {
      "A": -0.11278547224398398,
      "B": -0.1127854722439839,
      "C": -0.11278547224398398,
      "healed": false
    },
    "Sora": {
      "A": -0.11278547224398398,
      "B": -0.11278547224398393,
      "C": -0.1127854722439839,
      "healed": false
    },
    "Echo": {
      "A": -0.11278547224398398,
      "B": -0.11278547224398393,
      "C": -0.11278547224398398,
      "healed": false
    },
    "Iris": {
      "A": -0.1127854722439839,
      "B": -0.11278547224398393,
      "C": -0.1127854722439839,
      "healed": false
    },
    "Sage": {
      "A": -0.11278547224398398,
      "B": -0.11278547224398393,
      "C": -0.11278547224398393,
      "healed": false
    },
    "Kevin": {
      "A": -0.1127854722439839,
      "B": -0.11278547224398393,
      "C": -0.1127854722439839,
      "healed": false
    },
    "Atlas": {
      "A": -0.11278547224398398,
      "B": -0.1127854722439839,
      "C": -0.11278547224398393,
      "healed": false
    },
    "Void": {
      "A": -0.11278547224398398,
      "B": -0.11278547224398393,
      "C": -0.1127854722439839,
      "healed": false
    }
  },
  "changes": {
    "change_1": "Close main 12-node chain into closed loop",
    "change_2": "Attach 3-node preservation sub-loop to every node",
    "result": "12/12 nodes at preservation floor"
  }
}