{
  "edge_data": {
    "3": [
      -0.06362577268955864,
      -0.11313547422121112,
      -0.11313547422121134
    ],
    "4": [
      -0.09819833840816275,
      -0.11313547422121129,
      -0.11313547422121134,
      -0.11313547422121134
    ],
    "5": [
      -0.10593817201642526,
      -0.11313547422121134,
      -0.11313547422121124,
      -0.11313547422121134,
      -0.11313547422121134
    ],
    "6": [
      -0.10882750968834408,
      -0.11313547422121124,
      -0.11313547422121134,
      -0.11313547422121124,
      -0.11313547422121134,
      -0.11313547422121134
    ],
    "7": [
      -0.11023429211868827,
      -0.11313547422121134,
      -0.11313547422121124,
      -0.11313547422121134,
      -0.11313547422121124,
      -0.11313547422121134,
      -0.11313547422121134
    ],
    "8": [
      -0.11103962340681495,
      -0.11313547422121115,
      -0.11313547422121129,
      -0.11313547422121129,
      -0.11313547422121134,
      -0.11313547422121124,
      -0.11313547422121134,
      -0.11313547422121134
    ],
    "9": [
      -0.11154745569085994,
      -0.11313547422121115,
      -0.11313547422121129,
      -0.11313547422121124,
      -0.11313547422121129,
      -0.11313547422121129,
      -0.11313547422121134,
      -0.11313547422121134,
      -0.11313547422121134
    ],
    "10": [
      -0.11188940019422666,
      -0.11313547422121129,
      -0.11313547422121129,
      -0.11313547422121134,
      -0.11313547422121124,
      -0.11313547422121134,
      -0.11313547422121124,
      -0.11313547422121134,
      -0.11313547422121134,
      -0.11313547422121134
    ],
    "11": [
      -0.11213104068493975,
      -0.11313547422121124,
      -0.11313547422121129,
      -0.11313547422121124,
      -0.11313547422121124,
      -0.11313547422121134,
      -0.11313547422121124,
      -0.11313547422121134,
      -0.11313547422121124,
      -0.11313547422121134,
      -0.11313547422121134
    ],
    "12": [
      -0.1123082973703204,
      -0.11313547422121115,
      -0.11313547422121129,
      -0.11313547422121129,
      -0.11313547422121129,
      -0.11313547422121129,
      -0.11313547422121129,
      -0.11313547422121129,
      -0.11313547422121134,
      -0.11313547422121134,
      -0.11313547422121134,
      -0.11313547422121134
    ],
    "2": [
      8.459356151077221e-05,
      -0.113299549170578
    ]
  },
  "bulk_forms_at_N": 3,
  "xi_left": 0.14890710652002034,
  "xi_right": 1748375655.0722487,
  "edge_asymmetry": 0.00082717685089094,
  "alpha_floor": -0.1131,
  "verdict": "PARTIAL"
}