{
  "2": {
    "open_nc": [
      -0.10600755275994093,
      -0.11278547224398398,
      -0.1127854722439839,
      -0.11278547224398398,
      -0.11278547224398398
    ],
    "closed_nc": [
      -0.1127854722439839,
      -0.11278547224398398,
      -0.1127854722439839,
      -0.11278547224398398,
      -0.11278547224398398
    ],
    "pos0": -0.10600755275994093,
    "posN": -0.11278547224398398,
    "pos_law_holds": true,
    "closed_mean": -0.11278547224398394,
    "closed_std": 4.163336342344337e-17,
    "closed_uniform": true,
    "measure": "Wigner W_min",
    "sacrifice_gap": -0.006777919484043049
  },
  "3": {
    "open_nc": [
      -1.2335811384723961e-17,
      -1.2335811384723961e-17,
      -1.2335811384723961e-17,
      -1.2335811384723961e-17,
      -0.058039494163832826
    ],
    "closed_nc": [
      -1.7578531223231644e-16,
      -2.498001805406602e-16,
      -1.1102230246251565e-16,
      -1.8503717077085943e-16,
      -1.6653345369377348e-16
    ],
    "pos0": -1.2335811384723961e-17,
    "posN": -0.058039494163832826,
    "pos_law_holds": true,
    "closed_mean": -1.7763568394002506e-16,
    "closed_std": 4.433175512134787e-17,
    "closed_uniform": true,
    "measure": "Discrete W_min",
    "sacrifice_gap": -0.05803949416383281
  },
  "4": {
    "open_nc": [
      -0.0,
      -0.0,
      -0.0,
      -0.0,
      -1.0
    ],
    "closed_nc": [
      -0.0,
      -0.0,
      -0.0,
      -0.0,
      -0.0
    ],
    "pos0": -0.0,
    "posN": -1.0,
    "pos_law_holds": true,
    "closed_mean": 0.0,
    "closed_std": 0.0,
    "closed_uniform": true,
    "measure": "\u2212l1 coherence",
    "sacrifice_gap": -1.0
  },
  "5": {
    "open_nc": [
      -0.0,
      -0.0,
      -0.0,
      -0.0,
      -0.8889545731112625
    ],
    "closed_nc": [
      -0.0,
      -0.0,
      -0.0,
      -0.0,
      -0.0
    ],
    "pos0": -0.0,
    "posN": -0.8889545731112625,
    "pos_law_holds": true,
    "closed_mean": 0.0,
    "closed_std": 0.0,
    "closed_uniform": true,
    "measure": "\u2212l1 coherence",
    "sacrifice_gap": -0.8889545731112625
  }
}