{
  "confirmed_count": 12,
  "total_count": 12,
  "all_confirmed": true,
  "results": {
    "1a_attractor": {
      "mean_C_final": 1.0,
      "seed_spread": 4.440892098500626e-16,
      "mean_neg_pct": 99.0,
      "confirmed": true
    },
    "1b_negentropy": {
      "neg_steps": 99,
      "total_entropy_reversed": 0.2685718653491561,
      "confirmed": true
    },
    "2a_wigner_asymmetry": {
      "W_Omega_init": -0.11306750989746023,
      "W_Omega_final": 7.281687823190745e-05,
      "W_Alpha_init": -0.11306750989746023,
      "W_Alpha_final": -0.11317885739292381,
      "confirmed": true
    },
    "2b_channel_rank": {
      "rank_2node": 4,
      "rank_3node": 4,
      "confirmed": true
    },
    "3a_position_law": {
      "floors_by_N": {
        "2": [
          8.281894884639133e-05,
          -0.11312813508861996
        ],
        "3": [
          -0.06362314829739814,
          -0.11278547224398378,
          -0.11278547224398398
        ],
        "4": [
          -0.09785684564944572,
          -0.11278547224398393,
          -0.11278547224398398,
          -0.11278547224398398
        ],
        "5": [
          -0.10600755275994093,
          -0.11278547224398398,
          -0.1127854722439839,
          -0.11278547224398398,
          -0.11278547224398398
        ],
        "6": [
          -0.10874239228475197,
          -0.1127854722439839,
          -0.11278547224398398,
          -0.1127854722439839,
          -0.11278547224398398,
          -0.11278547224398398
        ],
        "7": [
          -0.11006349364085605,
          -0.11278547224398398,
          -0.1127854722439839,
          -0.11278547224398398,
          -0.1127854722439839,
          -0.11278547224398398,
          -0.11278547224398398
        ],
        "8": [
          -0.11081942191154347,
          -0.1127854722439838,
          -0.11278547224398393,
          -0.11278547224398393,
          -0.11278547224398398,
          -0.1127854722439839,
          -0.11278547224398398,
          -0.11278547224398398
        ]
      },
      "pos_law_holds": true,
      "confirmed": true
    },
    "3b_closed_loop": {
      "n_universal": 25,
      "n_total": 25,
      "mean_floor": -0.11278547224398362,
      "confirmed": true
    },
    "3c_multi_loop": {
      "loop_results": {
        "1": {
          "n_nodes": 5,
          "n_pres": 5,
          "pct": 100.0,
          "mean": -0.11306750989746024
        },
        "2": {
          "n_nodes": 9,
          "n_pres": 9,
          "pct": 100.0,
          "mean": -0.11306750989746019
        },
        "3": {
          "n_nodes": 13,
          "n_pres": 13,
          "pct": 100.0,
          "mean": -0.11306750989746016
        },
        "4": {
          "n_nodes": 17,
          "n_pres": 17,
          "pct": 100.0,
          "mean": -0.1130675098974602
        },
        "5": {
          "n_nodes": 21,
          "n_pres": 21,
          "pct": 100.0,
          "mean": -0.11306750989746021
        },
        "6": {
          "n_nodes": 25,
          "n_pres": 25,
          "pct": 100.0,
          "mean": -0.11306750989746021
        },
        "7": {
          "n_nodes": 29,
          "n_pres": 29,
          "pct": 100.0,
          "mean": -0.11306750989746023
        }
      },
      "confirmed": true
    },
    "3d_topology": {
      "W_omega_star": 0.00010678107090656352,
      "W_omega_chain": -0.10600755275994095,
      "star_destroys": true,
      "chain_preserves": true,
      "confirmed": true
    },
    "4a_ssh": {
      "bulk_edge_confirmed": true,
      "pbc_removes_edges": true,
      "confirmed": true
    },
    "4b_invariance": {
      "gate_param_range": 0.0057398349050985925,
      "node_count_range": 0.00047969088676103055,
      "mean_floor": -0.10729982423362053,
      "confirmed": true
    },
    "4c_noise": {
      "mean_W_noisy": -0.1125865864037368,
      "nodes_preserved": 5,
      "pos_law_noise": true,
      "confirmed": true
    },
    "4d_qudit": {
      "by_dim": {
        "2": {
          "pos_law": true,
          "gap": -0.00703055834971171,
          "pos0": -0.10603695154774855,
          "posN": -0.11306750989746026
        },
        "3": {
          "pos_law": true,
          "gap": -0.05803949416383287,
          "pos0": -1.2335811384723961e-17,
          "posN": -0.05803949416383288
        },
        "4": {
          "pos_law": true,
          "gap": -1.0000000000000002,
          "pos0": -0.0,
          "posN": -1.0000000000000002
        },
        "5": {
          "pos_law": true,
          "gap": -0.8889545731112625,
          "pos0": -0.0,
          "posN": -0.8889545731112625
        }
      },
      "all_hold": true,
      "confirmed": true
    }
  },
  "scoreboard": {
    "1a": true,
    "1b": true,
    "2a": true,
    "2b": true,
    "3a": true,
    "3b": true,
    "3c": true,
    "3d": true,
    "4a": true,
    "4b": true,
    "4c": true,
    "4d": true
  }
}