{
  "topologies": {
    "1 loop (baseline)": {
      "n_nodes": 5,
      "n_preserved": 0,
      "pct_preserved": 0.0,
      "mean_floor": 0.00010678107090656352,
      "floors": [
        0.00010678107090656352,
        0.00010678107090656352,
        0.00010678107090656352,
        0.00010678107090656352,
        0.00010678107090656352
      ]
    },
    "Figure-8 (2 loops)": {
      "n_nodes": 9,
      "n_preserved": 0,
      "pct_preserved": 0.0,
      "mean_floor": 0.00010678107090656352,
      "floors": [
        0.00010678107090656352,
        0.00010678107090656352,
        0.00010678107090656352,
        0.00010678107090656352,
        0.00010678107090656352,
        0.00010678107090656352,
        0.00010678107090656352,
        0.00010678107090656352,
        0.00010678107090656352
      ]
    },
    "Chain loops (2 loops)": {
      "n_nodes": 8,
      "n_preserved": 0,
      "pct_preserved": 0.0,
      "mean_floor": 0.00010678107090656352,
      "floors": [
        0.00010678107090656352,
        0.00010678107090656352,
        0.00010678107090656352,
        0.00010678107090656352,
        0.00010678107090656352,
        0.00010678107090656352,
        0.00010678107090656352,
        0.00010678107090656352
      ]
    },
    "Triple-8 (3 loops)": {
      "n_nodes": 13,
      "n_preserved": 1,
      "pct_preserved": 7.6923076923076925,
      "mean_floor": -0.02138439710054315,
      "floors": [
        -0.11149729445851966,
        -0.10654227511669193,
        -0.0585703442574486,
        -0.002294171008395255,
        5.947126173033521e-05,
        0.00010006292326057105,
        0.00010670193394510068,
        0.00010678106052571774,
        0.00010678107090656352,
        0.00010678107090656352,
        0.00010678107090656352,
        0.00010678107090656352,
        0.00010678107090656352
      ]
    },
    "2 parallel loops": {
      "n_nodes": 10,
      "n_preserved": 0,
      "pct_preserved": 0.0,
      "mean_floor": 0.00010678107090656352,
      "floors": [
        0.00010678107090656352,
        0.00010678107090656352,
        0.00010678107090656352,
        0.00010678107090656352,
        0.00010678107090656352,
        0.00010678107090656352,
        0.00010678107090656352,
        0.00010678107090656352,
        0.00010678107090656352,
        0.00010678107090656352
      ]
    }
  },
  "n_loop_scaling": {
    "1": {
      "n_nodes": 5,
      "n_preserved": 0,
      "pct_preserved": 0.0,
      "mean_floor": 0.00010678107090656352,
      "junction_floors": [
        0.00010678107090656352,
        0.00010678107090656352
      ]
    },
    "2": {
      "n_nodes": 9,
      "n_preserved": 0,
      "pct_preserved": 0.0,
      "mean_floor": 0.00010678107090656352,
      "junction_floors": [
        0.00010678107090656352,
        0.00010678107090656352,
        0.00010678107090656352
      ]
    },
    "3": {
      "n_nodes": 13,
      "n_preserved": 1,
      "pct_preserved": 7.6923076923076925,
      "mean_floor": -0.021474369140563446,
      "junction_floors": [
        -0.11161855508155705,
        5.90415682501731e-05,
        0.00010678107090656352,
        0.00010678107090656352
      ]
    },
    "4": {
      "n_nodes": 17,
      "n_preserved": 2,
      "pct_preserved": 11.76470588235294,
      "mean_floor": -0.023073766628176506,
      "junction_floors": [
        -0.11313544825311413,
        -0.002266014003151496,
        0.00010678106367985732,
        0.00010678107090656352,
        0.00010678107090656352
      ]
    },
    "5": {
      "n_nodes": 21,
      "n_preserved": 3,
      "pct_preserved": 14.285714285714285,
      "mean_floor": -0.03581331876418783,
      "junction_floors": [
        -0.11313547422120929,
        -0.05102990013950082,
        0.00010672769710550209,
        0.00010331006315085847,
        5.68427668170713e-05,
        -0.0006699122252347123
      ]
    },
    "6": {
      "n_nodes": 25,
      "n_preserved": 5,
      "pct_preserved": 20.0,
      "mean_floor": -0.03517895627959457,
      "junction_floors": [
        -0.11313547422121129,
        -0.10539005953391238,
        0.0001011847396786452,
        0.00010676801551025331,
        0.00010253160408927048,
        5.4102337200744986e-05,
        -0.0011789869313831732
      ]
    },
    "7": {
      "n_nodes": 29,
      "n_preserved": 13,
      "pct_preserved": 44.827586206896555,
      "mean_floor": -0.05654925336199511,
      "junction_floors": [
        -0.11313547422121133,
        -0.11310988357321554,
        5.315210897355193e-05,
        0.00010460047285335376,
        6.526571614859769e-05,
        -0.012486536080804378,
        -0.08952097714469931,
        -0.11097186900915178
      ]
    }
  },
  "alpha_floor": -0.1131
}