{
  "exp_A": {
    "Omega1_floor": -0.10608952220884768,
    "Omega2_floor": -0.11313547422121135,
    "Kevin_floor": -0.11313547422121135
  },
  "exp_B": {
    "Omega_floor": -0.11313547422121135,
    "Alpha1_floor": -0.04245286140333155,
    "overshoot": true
  },
  "exp_C": {
    "Omega_floor": -0.11313547422121124,
    "Alpha_floor": -0.11313547422121135,
    "Kevin_floor": -0.11313547422121124
  },
  "exp_D": {
    "floors": {
      "2": 0.0001,
      "3": -0.0636,
      "4": -0.1054,
      "5": -0.1059,
      "6": -0.10882750968834407,
      "7": -0.11023429211868827,
      "8": -0.11103962340681495,
      "9": -0.11154745569085996,
      "10": -0.11188940019422666
    },
    "lambda": 0.456712956773598,
    "R2": 0.7907150268542222
  },
  "exp_E": {
    "Omega1_floor": -0.08795152577981209,
    "Alpha_floor": -0.11313547422121135,
    "Alpha_broken": false
  },
  "exp_F": {
    "channel_rank": 4,
    "choi_eigenvalues": [
      1.1406036343714683,
      0.4999999999999999,
      0.2506137988389117,
      0.10878256678961971
    ]
  },
  "alpha_floor": -0.1131
}