{
  "star_omega_floor": 0.00010678107090656352,
  "star_ring_floor": -0.11317657548691595,
  "ring_omega_floor": 0.00010678107090656352,
  "ring_ring_floor": 0.00010678107090656352,
  "cone_omega_floor": 0.00010678107090656352,
  "cone_inner_floor": -0.018812721964098274,
  "cone_outer_floor": -0.11313547422121126,
  "alpha_floor": -0.1131,
  "chain_reference": {
    "2": 0.0001,
    "3": -0.0636,
    "4": -0.1054,
    "5": -0.1059
  }
}